日期,委托时间,品种,标的,交易类型,下单类型,成交数量,成交价,成交额,委托数量,委托价格,平仓盈亏,手续费,状态,最后更新时间
2026/1/5,14:02:00,基金,有色ETF大成(159980.XSHE),买,市价单,244000股,2.049,499956,244000股,-,0,99.99,全部成交,2026/1/5 14:02
2026/1/9,14:00:00,基金,有色ETF大成(159980.XSHE),卖,市价单,-244000股,2.086,-508984,-244000股,-,9028,101.8,全部成交,2026/1/9 14:00
2026/1/9,14:02:00,基金,500ETF(510500.XSHG),买,市价单,62100股,8.183,508164.3,62100股,-,0,101.63,全部成交,2026/1/9 14:02
2026/1/13,14:00:00,基金,500ETF(510500.XSHG),卖,市价单,-62100股,8.341,-517976.1,-62100股,-,9811.8,103.6,全部成交,2026/1/13 14:00
2026/1/13,14:02:00,基金,中韩芯片(513310.XSHG),买,市价单,172500股,3.004,518190,172500股,-,0,103.64,全部成交,2026/1/13 14:02
2026/1/14,14:00:00,基金,中韩芯片(513310.XSHG),卖,市价单,-172500股,2.983,-514567.5,-172500股,-,-3622.5,102.91,全部成交,2026/1/14 14:00
2026/1/14,14:02:00,基金,国投白银LOF(161226.XSHE),买,市价单,176000股,2.923,514448,176000股,-,0,102.89,全部成交,2026/1/14 14:02
2026/1/16,14:00:00,基金,国投白银LOF(161226.XSHE),卖,市价单,-176000股,3.13,-550880,-176000股,-,36432,110.18,全部成交,2026/1/16 14:00
2026/1/16,14:02:00,基金,中韩芯片(513310.XSHG),买,市价单,174600股,3.153,550513.8,174600股,-,0,110.1,全部成交,2026/1/16 14:02
2026/1/23,11:00:00,基金,中韩芯片(513310.XSHG),卖,市价单,-174600股,3.174,-554180.4,-174600股,-,3666.6,110.84,全部成交,2026/1/23 11:00
2026/1/23,14:02:00,基金,500ETF(510500.XSHG),买,市价单,63900股,8.667,553821.3,63900股,-,0,110.76,全部成交,2026/1/23 14:02
2026/1/26,14:00:00,基金,500ETF(510500.XSHG),卖,市价单,-63900股,8.552,-546472.8,-63900股,-,-7348.5,109.29,全部成交,2026/1/26 14:00
2026/1/26,14:02:00,基金,中韩芯片(513310.XSHG),买,市价单,170800股,3.2,546560,170800股,-,0,109.31,全部成交,2026/1/26 14:02
2026/2/2,11:00:00,基金,中韩芯片(513310.XSHG),卖,市价单,-170800股,3.611,-616758.8,-170800股,-,70198.8,123.35,全部成交,2026/2/2 11:00
2026/2/2,14:02:00,基金,国信价值(512040.XSHG),买,市价单,504200股,1.223,616636.6,504200股,-,0,123.33,全部成交,2026/2/2 14:02
2026/2/3,14:00:00,基金,国信价值(512040.XSHG),卖,市价单,-504200股,1.226,-618149.2,-504200股,-,1512.6,123.63,全部成交,2026/2/3 14:00
2026/2/3,14:02:00,基金,中证2000(563300.XSHG),买,市价单,415800股,1.486,617878.8,415800股,-,0,123.58,全部成交,2026/2/3 14:02
2026/2/4,14:00:00,基金,中证2000(563300.XSHG),卖,市价单,-415800股,1.478,-614552.4,-415800股,-,-3326.4,122.91,全部成交,2026/2/4 14:00
2026/2/4,14:02:00,基金,恒生股息(513690.XSHG),买,市价单,529100股,1.161,614285.1,529100股,-,0,122.86,全部成交,2026/2/4 14:02
2026/2/9,14:00:00,基金,恒生股息(513690.XSHG),卖,市价单,-529100股,1.163,-615343.3,-529100股,-,1058.2,123.07,全部成交,2026/2/9 14:00
2026/2/9,14:02:00,基金,南方原油(501018.XSHG),买,市价单,467800股,1.315,615157,467800股,-,0,123.03,全部成交,2026/2/9 14:02
2026/2/10,14:00:00,基金,南方原油(501018.XSHG),卖,市价单,-467800股,1.357,-634804.6,-467800股,-,19647.6,126.96,全部成交,2026/2/10 14:00
2026/2/10,14:02:00,基金,中韩芯片(513310.XSHG),买,市价单,181700股,3.491,634314.7,181700股,-,0,126.86,全部成交,2026/2/10 14:02
2026/2/11,14:00:00,基金,中韩芯片(513310.XSHG),卖,市价单,-181700股,3.42,-621414,-181700股,-,-12900.7,124.28,全部成交,2026/2/11 14:00
2026/2/11,14:02:00,基金,南方原油(501018.XSHG),买,市价单,440700股,1.41,621387,440700股,-,0,124.28,全部成交,2026/2/11 14:02
2026/2/12,11:00:00,基金,南方原油(501018.XSHG),卖,市价单,-440700股,1.369,-603318.3,-440700股,-,-18068.7,120.66,全部成交,2026/2/12 11:00
2026/2/12,14:02:00,基金,恒生股息(513690.XSHG),买,市价单,511500股,1.179,603058.5,511500股,-,0,120.61,全部成交,2026/2/12 14:02
2026/2/24,14:00:00,基金,恒生股息(513690.XSHG),卖,市价单,-511500股,1.184,-605616,-511500股,-,2557.5,121.12,全部成交,2026/2/24 14:00
2026/2/24,14:02:00,基金,中韩芯片(513310.XSHG),买,市价单,159800股,3.787,605162.6,159800股,-,0,121.03,全部成交,2026/2/24 14:02
2026/2/27,14:00:00,基金,中韩芯片(513310.XSHG),卖,市价单,-159800股,4.561,-728847.8,-159800股,-,123685.2,145.77,全部成交,2026/2/27 14:00
2026/2/27,14:02:00,基金,南方原油(501018.XSHG),买,市价单,507500股,1.436,728770,507500股,-,0,145.75,全部成交,2026/2/27 14:02
2026/3/4,14:00:00,基金,南方原油(501018.XSHG),卖,市价单,-507500股,1.79,-908425,-507500股,-,179655,181.68,全部成交,2026/3/4 14:00
2026/3/4,14:02:00,基金,恒生股息(513690.XSHG),买,市价单,776800股,1.169,908079.2,776800股,-,0,181.62,全部成交,2026/3/4 14:02
2026/3/5,14:00:00,基金,恒生股息(513690.XSHG),卖,市价单,-776800股,1.184,-919731.2,-776800股,-,11652,183.95,全部成交,2026/3/5 14:00
2026/3/5,14:02:00,基金,自由现金流ETF华夏(159201.XSHE),买,市价单,662400股,1.388,919411.2,662400股,-,0,183.88,全部成交,2026/3/5 14:02
2026/3/6,14:00:00,基金,自由现金流ETF华夏(159201.XSHE),卖,市价单,-662400股,1.39,-920736,-662400股,-,1324.8,184.15,全部成交,2026/3/6 14:00
2026/3/6,14:02:00,基金,豆粕ETF华夏(159985.XSHE),买,市价单,431300股,2.134,920394.2,431300股,-,0,184.08,全部成交,2026/3/6 14:02
2026/3/9,14:00:00,基金,豆粕ETF华夏(159985.XSHE),卖,市价单,-431300股,2.193,-945840.9,-431300股,-,25446.7,189.17,全部成交,2026/3/9 14:00
2026/3/9,14:02:00,基金,能源化工ETF建信(159981.XSHE),买,市价单,602600股,1.569,945479.4,602600股,-,0,189.1,全部成交,2026/3/9 14:02
2026/3/10,11:00:00,基金,能源化工ETF建信(159981.XSHE),卖,市价单,-602600股,1.471,-886424.6,-602600股,-,-59054.8,177.28,全部成交,2026/3/10 11:00
2026/3/10,14:02:00,基金,豆粕ETF华夏(159985.XSHE),买,市价单,399600股,2.217,885913.2,399600股,-,0,177.18,全部成交,2026/3/10 14:02
2026/3/13,14:00:00,基金,豆粕ETF华夏(159985.XSHE),卖,市价单,-399600股,2.343,-936262.8,-399600股,-,50349.6,187.25,全部成交,2026/3/13 14:00
2026/3/13,14:02:00,基金,南方原油(501018.XSHG),买,市价单,532400股,1.758,935959.2,532400股,-,0,187.19,全部成交,2026/3/13 14:02
2026/3/17,14:00:00,基金,南方原油(501018.XSHG),卖,市价单,-532400股,2.087,-1111118.8,-532400股,-,175159.6,222.22,全部成交,2026/3/17 14:00
2026/3/17,14:02:00,基金,能源化工ETF建信(159981.XSHE),买,市价单,671900股,1.653,1110650.7,671900股,-,0,222.13,全部成交,2026/3/17 14:02
2026/3/20,14:00:00,基金,能源化工ETF建信(159981.XSHE),卖,市价单,-671900股,1.647,-1106619.3,-671900股,-,-4031.4,221.32,全部成交,2026/3/20 14:00
2026/3/20,14:02:00,基金,豆粕ETF华夏(159985.XSHE),买,市价单,491200股,2.252,1106182.4,491200股,-,0,221.24,全部成交,2026/3/20 14:02
2026/3/23,14:00:00,基金,豆粕ETF华夏(159985.XSHE),卖,市价单,-491200股,2.269,-1114532.8,-491200股,-,8350.4,222.91,全部成交,2026/3/23 14:00
2026/3/23,14:02:00,基金,能源化工ETF建信(159981.XSHE),买,市价单,628400股,1.773,1114153.2,628400股,-,0,222.83,全部成交,2026/3/23 14:02
2026/3/25,11:00:00,基金,能源化工ETF建信(159981.XSHE),卖,市价单,-628400股,1.678,-1054455.2,-628400股,-,-59698,210.89,全部成交,2026/3/25 11:00
2026/3/25,14:02:00,基金,城投ETF(511220.XSHG),买,市价单,102300股,10.302,1053894.6,102300股,-,0,210.78,全部成交,2026/3/25 14:02
2026/3/26,14:00:00,基金,城投ETF(511220.XSHG),卖,市价单,-102300股,10.304,-1054099.2,-102300股,-,204.6,210.82,全部成交,2026/3/26 14:00
2026/3/26,14:02:00,基金,创业板成长ETF华夏(159967.XSHE),买,市价单,1626300股,0.648,1053842.4,1626300股,-,0,210.77,全部成交,2026/3/26 14:02
2026/3/30,14:00:00,基金,创业板成长ETF华夏(159967.XSHE),卖,市价单,-1626300股,0.645,-1048963.5,-1626300股,-,-4878.9,209.79,全部成交,2026/3/30 14:00
2026/3/30,14:02:00,基金,能源化工ETF建信(159981.XSHE),买,市价单,587700股,1.784,1048456.8,587700股,-,0,209.69,全部成交,2026/3/30 14:02
2026/3/31,11:00:00,基金,能源化工ETF建信(159981.XSHE),卖,市价单,-587700股,1.737,-1020834.9,-587700股,-,-27621.9,204.17,全部成交,2026/3/31 11:00
2026/3/31,14:02:00,基金,创业板成长ETF华夏(159967.XSHE),买,市价单,1619900股,0.63,1020537,1619900股,-,0,204.11,全部成交,2026/3/31 14:02
2026/4/1,14:00:00,基金,创业板成长ETF华夏(159967.XSHE),卖,市价单,-1619900股,0.638,-1033496.2,-1619900股,-,12959.2,206.7,全部成交,2026/4/1 14:00
2026/4/1,14:02:00,基金,城投ETF(511220.XSHG),买,市价单,100200股,10.311,1033162.2,100200股,-,0,206.63,全部成交,2026/4/1 14:02
2026/4/7,14:00:00,基金,城投ETF(511220.XSHG),卖,市价单,-100200股,10.324,-1034464.8,-100200股,-,1302.6,206.89,全部成交,2026/4/7 14:00
2026/4/7,14:02:00,基金,能源化工ETF建信(159981.XSHE),买,市价单,575700股,1.796,1033957.2,575700股,-,0,206.79,全部成交,2026/4/7 14:02
2026/4/8,11:00:00,基金,能源化工ETF建信(159981.XSHE),卖,市价单,-575700股,1.671,-961994.7,-575700股,-,-71962.5,192.4,全部成交,2026/4/8 11:00
2026/4/8,14:02:00,基金,创业板成长ETF华夏(159967.XSHE),买,市价单,1416200股,0.679,961599.8,1416200股,-,0,192.32,全部成交,2026/4/8 14:02
2026/4/24,11:00:00,基金,创业板成长ETF华夏(159967.XSHE),卖,市价单,-1416200股,0.782,-1107468.4,-1416200股,-,145868.6,221.49,全部成交,2026/4/24 11:00
2026/4/24,14:02:00,基金,纳指科技ETF景顺(159509.XSHE),买,市价单,480200股,2.305,1106861,480200股,-,0,221.37,全部成交,2026/4/24 14:02
2026/4/27,14:00:00,基金,纳指科技ETF景顺(159509.XSHE),卖,市价单,-480200股,2.363,-1134712.6,-480200股,-,27851.6,226.94,全部成交,2026/4/27 14:00
2026/4/27,14:02:00,基金,创业板成长ETF华夏(159967.XSHE),买,市价单,1460000股,0.777,1134420,1460000股,-,0,226.88,全部成交,2026/4/27 14:02
2026/5/7,14:00:00,基金,创业板成长ETF华夏(159967.XSHE),卖,市价单,-1460000股,0.818,-1194280,-1460000股,-,59860,238.86,全部成交,2026/5/7 14:00
2026/5/7,14:02:00,基金,中韩芯片(513310.XSHG),买,市价单,236400股,5.05,1193820,236400股,-,0,238.76,全部成交,2026/5/7 14:02
2026/5/13,11:00:00,基金,中韩芯片(513310.XSHG),卖,市价单,-236400股,5.669,-1340151.6,-236400股,-,146331.6,268.03,全部成交,2026/5/13 11:00
2026/5/13,14:02:00,基金,科创板50(588080.XSHG),买,市价单,745100股,1.798,1339689.8,745100股,-,0,267.94,全部成交,2026/5/13 14:02
2026/5/15,14:00:00,基金,科创板50(588080.XSHG),卖,市价单,-745100股,1.73,-1289023,-745100股,-,-50666.8,257.8,全部成交,2026/5/15 14:00
2026/5/15,14:02:00,基金,纳指科技ETF景顺(159509.XSHE),买,市价单,505000股,2.551,1288255,505000股,-,0,257.65,全部成交,2026/5/15 14:02
2026/5/18,14:00:00,基金,纳指科技ETF景顺(159509.XSHE),卖,市价单,-505000股,2.489,-1256945,-505000股,-,-31310,251.39,全部成交,2026/5/18 14:00
2026/5/18,14:02:00,基金,科创板50(588080.XSHG),买,市价单,723800股,1.736,1256516.8,723800股,-,0,251.3,全部成交,2026/5/18 14:02
2026/5/22,11:00:00,基金,科创板50(588080.XSHG),卖,市价单,-723800股,1.806,-1307182.8,-723800股,-,50666,261.44,全部成交,2026/5/22 11:00
2026/5/22,14:02:00,基金,纳指科技ETF景顺(159509.XSHE),买,市价单,497600股,2.626,1306697.6,497600股,-,0,261.34,全部成交,2026/5/22 14:02
2026/5/26,14:00:00,基金,纳指科技ETF景顺(159509.XSHE),卖,市价单,-497600股,2.657,-1322123.2,-497600股,-,15425.6,264.42,全部成交,2026/5/26 14:00
2026/5/26,14:02:00,基金,创业板成长ETF华夏(159967.XSHE),买,市价单,1439800股,0.918,1321736.4,1439800股,-,0,264.35,全部成交,2026/5/26 14:02
2026/5/27,14:00:00,基金,创业板成长ETF华夏(159967.XSHE),卖,市价单,-1439800股,0.922,-1327495.6,-1439800股,-,5759.2,265.5,全部成交,2026/5/27 14:00
2026/5/27,14:02:00,基金,科创板50(588080.XSHG),买,市价单,715700股,1.854,1326907.8,715700股,-,0,265.38,全部成交,2026/5/27 14:02
2026/5/29,14:00:00,基金,科创板50(588080.XSHG),卖,市价单,-715700股,1.788,-1279671.6,-715700股,-,-47236.2,255.93,全部成交,2026/5/29 14:00
2026/5/29,14:02:00,基金,创业板成长ETF华夏(159967.XSHE),买,市价单,1368100股,0.935,1279173.5,1368100股,-,0,255.83,全部成交,2026/5/29 14:02
2026/6/1,11:00:00,基金,创业板成长ETF华夏(159967.XSHE),卖,市价单,-1368100股,0.906,-1239498.6,-1368100股,-,-39674.9,247.9,全部成交,2026/6/1 11:00
2026/6/1,14:02:00,基金,纳指ETF(513100.XSHG),买,市价单,526100股,2.355,1238965.5,526100股,-,0,247.79,全部成交,2026/6/1 14:02
2026/6/2,14:00:00,基金,纳指ETF(513100.XSHG),卖,市价单,-526100股,2.341,-1231600.1,-526100股,-,-7365.4,246.32,全部成交,2026/6/2 14:00
2026/6/2,14:02:00,基金,中韩芯片(513310.XSHG),买,市价单,205900股,5.978,1230870.2,205900股,-,0,246.17,全部成交,2026/6/2 14:02
